{
  "layout": "milan",
  "N": 100,
  "etas": [
    0.5,
    1.0,
    1.5,
    2.0,
    3.0,
    4.0,
    6.0,
    8.0
  ],
  "inits": [
    0.1,
    0.3,
    0.5,
    0.7,
    0.9
  ],
  "grid": {
    "0.50": {
      "by_init": {
        "0.10": 0.4452172483580432,
        "0.30": 0.5868217837292555,
        "0.50": 0.5869218499693302,
        "0.70": 0.5870092057287021,
        "0.90": 0.5870957263061612
      },
      "alpha_min": 0.4452172483580432,
      "alpha_max": 0.5870957263061612,
      "spread": 0.14187847794811803,
      "multiple": true
    },
    "1.00": {
      "by_init": {
        "0.10": 0.4424423012751816,
        "0.30": 0.6553781809553177,
        "0.50": 0.6556513728666497,
        "0.70": 0.655635598619111,
        "0.90": 0.6556211259044371
      },
      "alpha_min": 0.4424423012751816,
      "alpha_max": 0.6556513728666497,
      "spread": 0.21320907159146807,
      "multiple": true
    },
    "1.50": {
      "by_init": {
        "0.10": 0.4530715763421984,
        "0.30": 0.7243114260256613,
        "0.50": 0.7243728882481055,
        "0.70": 0.7241750546147425,
        "0.90": 0.7243591805364124
      },
      "alpha_min": 0.4530715763421984,
      "alpha_max": 0.7243728882481055,
      "spread": 0.2713013119059071,
      "multiple": true
    },
    "2.00": {
      "by_init": {
        "0.10": 0.46916865621636145,
        "0.30": 0.7666400119500351,
        "0.50": 0.7666151208691333,
        "0.70": 0.7666529428480521,
        "0.90": 0.7665394797477405
      },
      "alpha_min": 0.46916865621636145,
      "alpha_max": 0.7666529428480521,
      "spread": 0.29748428663169063,
      "multiple": true
    },
    "3.00": {
      "by_init": {
        "0.10": 0.48048408423292555,
        "0.30": 0.8340817417599852,
        "0.50": 0.8341306335160066,
        "0.70": 0.8340207099167919,
        "0.90": 0.8341048727505901
      },
      "alpha_min": 0.48048408423292555,
      "alpha_max": 0.8341306335160066,
      "spread": 0.35364654928308104,
      "multiple": true
    },
    "4.00": {
      "by_init": {
        "0.10": 0.48381023175831395,
        "0.30": 0.7488784198542324,
        "0.50": 0.8749782748322131,
        "0.70": 0.8750968550057544,
        "0.90": 0.8752756365965837
      },
      "alpha_min": 0.48381023175831395,
      "alpha_max": 0.8752756365965837,
      "spread": 0.39146540483826975,
      "multiple": true
    },
    "6.00": {
      "by_init": {
        "0.10": 0.4354236957311933,
        "0.30": 0.6440929772447642,
        "0.50": 0.7234293250653764,
        "0.70": 0.7551039618055851,
        "0.90": 0.7552074682881492
      },
      "alpha_min": 0.4354236957311933,
      "alpha_max": 0.7552074682881492,
      "spread": 0.3197837725569559,
      "multiple": true
    },
    "8.00": {
      "by_init": {
        "0.10": 0.053019461418970265,
        "0.30": 0.5259663894346516,
        "0.50": 0.5736021240716861,
        "0.70": 0.5894569669043598,
        "0.90": 0.5894287536808067
      },
      "alpha_min": 0.053019461418970265,
      "alpha_max": 0.5894569669043598,
      "spread": 0.5364375054853895,
      "multiple": true
    }
  },
  "wall_clock_s": 566.0077667236328
}