{
  "N": 100,
  "layout": "milan",
  "runs": [
    {
      "alpha_init": 0.2,
      "n_iters": 40,
      "alpha_final_mean": 0.6400121441922028,
      "residuals": [
        0.23999999999999994,
        0.23900070828669467,
        0.25156092609808217,
        0.2154097038155855,
        0.22156436231327453,
        0.2258725110750668,
        0.1581107577525468,
        0.07354600534365785,
        0.05224458063234494,
        0.031385786520860104,
        0.030775891201759387,
        0.024299277560861143,
        0.021022591730115447,
        0.023599111997607558,
        0.03023268149770919,
        0.02193385284073257,
        0.02880524828567821,
        0.03168993883681859,
        0.029940440603310026,
        0.023490226905307776,
        0.028994767385099984,
        0.023324882209884157,
        0.02986962565564255,
        0.02100227863199522,
        0.02635898998963948,
        0.026971870385617547,
        0.029852622986707544,
        0.02208416578665473,
        0.026859018185158012,
        0.03138886386337014,
        0.02984854064589626,
        0.02327209428429522,
        0.029740377693296183,
        0.02386527646655212,
        0.029847560475867563,
        0.02885708595569636,
        0.02117987690445844,
        0.03199050018145144,
        0.029850537798597143,
        0.02345366804921034
      ],
      "alpha_mean_per_iter": [
        0.19999999999999993,
        0.35355677738617003,
        0.4482898511587628,
        0.5122319150561064,
        0.5534471665066942,
        0.5846994247147385,
        0.6083704915870345,
        0.622534232104673,
        0.6303811321768038,
        0.6338916995585372,
        0.6352933848206284,
        0.6370816469727103,
        0.6378620247832859,
        0.6383476401561236,
        0.6382643612062714,
        0.6381345831955717,
        0.6384020844155243,
        0.639118230889211,
        0.6385915654541582,
        0.6383689337485773,
        0.6388846576221666,
        0.6388205877326192,
        0.6390409973121354,
        0.6390062949410639,
        0.6390248610579478,
        0.6391190340756706,
        0.6388374898919946,
        0.6392534484003093,
        0.639315102853227,
        0.6382818074590781,
        0.6386685859717656,
        0.6388631845857746,
        0.6391528229012956,
        0.6385269752332193,
        0.6386346480815208,
        0.6387084001704716,
        0.6390707076517425,
        0.6388833233274794,
        0.6394079610493275,
        0.6398500906616554,
        0.6400121441922028
      ],
      "wall_clock_s": 2.888695478439331
    },
    {
      "alpha_init": 0.4,
      "n_iters": 40,
      "alpha_final_mean": 0.6801275948751092,
      "residuals": [
        0.17999999999999994,
        0.126,
        0.08819999999999995,
        0.06174000000000002,
        0.04349784491866682,
        0.030252600000000074,
        0.030662486897474084,
        0.02959244630317104,
        0.022498762524463034,
        0.022898332556505197,
        0.021145286314223743,
        0.030177773149200116,
        0.024684845617437112,
        0.02446820016998852,
        0.022095166738385963,
        0.02992782519509507,
        0.03065490825320416,
        0.025733484161441944,
        0.02688121368227292,
        0.02986659669613012,
        0.027445517758084792,
        0.022045667076548536,
        0.024039082721921123,
        0.029851895733528644,
        0.03215508750797058,
        0.029230848896362405,
        0.021564536054464067,
        0.029848366032408036,
        0.03199692116948738,
        0.021790501793637507,
        0.02509209828094583,
        0.029850731212722525,
        0.022629834801115356,
        0.02922276354483566,
        0.022073349899504158,
        0.02995328970347133,
        0.026513411440630907,
        0.02644351612849749,
        0.020369052922351583,
        0.029871608781678494
      ],
      "alpha_mean_per_iter": [
        0.39999999999999986,
        0.5196257266548254,
        0.589121453612215,
        0.6296418671601784,
        0.6532018429316955,
        0.6651488096431563,
        0.6712999827755269,
        0.674172124715011,
        0.6764354864867107,
        0.6774755188936109,
        0.6783314613958633,
        0.6788025769344361,
        0.6798980642075471,
        0.6798153594258527,
        0.6803650464636225,
        0.6798230558246328,
        0.6800707018315106,
        0.6799261467268447,
        0.6798905793894457,
        0.6800080499914214,
        0.6805975401325297,
        0.6802317131248423,
        0.6792362968165494,
        0.6794268212282283,
        0.679523017150227,
        0.6803288593543846,
        0.6801638856774753,
        0.6800532269689772,
        0.6800050571412816,
        0.6798753669568078,
        0.6796193126118583,
        0.6804277575930237,
        0.679857663222488,
        0.6800741964906535,
        0.6796350130028797,
        0.6800726590051817,
        0.680503166576096,
        0.6810559496904428,
        0.6807450374704503,
        0.6796387491582839,
        0.6801275948751092
      ],
      "wall_clock_s": 2.8459692001342773
    },
    {
      "alpha_init": 0.6,
      "n_iters": 40,
      "alpha_final_mean": 0.6796454922735282,
      "residuals": [
        0.17981124161073825,
        0.1258678691275168,
        0.08810750838926174,
        0.06167525587248324,
        0.043172679110738243,
        0.030220875377516776,
        0.02714786757514087,
        0.02314531068349368,
        0.030265307782329942,
        0.027596212690817468,
        0.023397423731066902,
        0.02381507577065234,
        0.030110089380199212,
        0.0254027968113415,
        0.029592379655975942,
        0.026299207118986923,
        0.030017311451317585,
        0.026953081156322223,
        0.021756364812103746,
        0.023246904742747487,
        0.02988698040333626,
        0.031953928292295375,
        0.024116385890121217,
        0.021628241536617798,
        0.029856789861628874,
        0.03188837969185154,
        0.029748424082932212,
        0.025141562054485034,
        0.02984954111256488,
        0.02885984586734147,
        0.02629056058190815,
        0.02024569961675915,
        0.029847800687914705,
        0.024084795424510363,
        0.02967705490297745,
        0.021933005790635396,
        0.029850595473509656,
        0.0286770900637644,
        0.031327607075727015,
        0.020778472657993263
      ],
      "alpha_mean_per_iter": [
        0.6000000000000001,
        0.6362060321508445,
        0.6578422534663811,
        0.6698509493215826,
        0.6758755341588912,
        0.6784384849081664,
        0.6793458245698744,
        0.6802241853923232,
        0.6798256796547597,
        0.6808922869327557,
        0.6803850740406296,
        0.6809186663666398,
        0.6809275279557329,
        0.6807744631565303,
        0.6798811482850279,
        0.6801301396227604,
        0.680221108530832,
        0.6806142396014787,
        0.6797849666676307,
        0.6802336979252885,
        0.6792498538055975,
        0.6801618287548318,
        0.6805588909089365,
        0.6796913263428906,
        0.6799807422964353,
        0.6799601011518617,
        0.6797575317602117,
        0.6801183578614598,
        0.680724681310749,
        0.6800776545392215,
        0.6803187153175362,
        0.6797829717825686,
        0.6797859717169188,
        0.6801845231488876,
        0.6791702547159096,
        0.680450642450801,
        0.6801357310566858,
        0.6803146456039042,
        0.6798513585414783,
        0.679976986967186,
        0.6796454922735282
      ],
      "wall_clock_s": 3.7690036296844482
    },
    {
      "alpha_init": 0.85,
      "n_iters": 40,
      "alpha_final_mean": 0.6799124987998278,