{
  "Ns": [
    50,
    100
  ],
  "layout": "shanghai",
  "n_seeds": 3,
  "n_probes": 8,
  "by_N": {
    "50": {
      "alpha_star_mfe": 0.6801633126909502,
      "n_iters_fb": 80,
      "eps_emp_per_seed": [
        13.11966658620895,
        10.504843744827667,
        11.072357215257398
      ],
      "eps_emp_mean": 11.565622515431338,
      "eps_emp_max": 13.11966658620895,
      "heur_emp_mean": 195.77729658363447,
      "heur_emp_max": 431.39612967886933
    },
    "100": {
      "alpha_star_mfe": 0.6801633126909502,
      "n_iters_fb": 80,
      "eps_emp_per_seed": [
        9.347601902098177,
        12.039343192082015,
        7.215824805241937
      ],
      "eps_emp_mean": 9.534256633140709,
      "eps_emp_max": 12.039343192082015,
      "heur_emp_mean": 97.94206444983865,
      "heur_emp_max": 249.27178491804534
    }
  },
  "wall_clock_s": 13.337601900100708
}