{
  "fidelity": {
    "scalar_pred_uniform": 0.6802160808763138,
    "graphon_pred_profile": [
      0.5173937233340192,
      0.647276045284023,
      0.8173786683986584
    ],
    "deployed_awake_by_block": [
      0.5992553985048359,
      0.7403471366398756,
      0.8649160588309475
    ],
    "scalar_pred_err": 0.1085972386965578,
    "graphon_pred_err": 0.07415671898631944,
    "queue_disparity_ratio": 6.14030129553264
  },
  "layout": "milan",
  "N": 100,
  "B": 3,
  "n_seeds": 5,
  "radius_km": 0.15,
  "block_sizes": [
    33,
    33,
    34
  ],
  "block_lambda0": [
    9.909165918104026,
    13.663453792782505,
    21.238339692374836
  ],
  "graphon_W": [
    [
      0.5712121212121213,
      0.2537878787878788,
      0.17500000000000002
    ],
    [
      0.2691919191919191,
      0.5224747474747475,
      0.20833333333333334
    ],
    [
      0.1610294117647059,
      0.19117647058823528,
      0.6477941176470589
    ]
  ],
  "alpha_blocks_star": [
    0.5173937233340192,
    0.647276045284023,
    0.8173786683986584
  ],
  "scalar_alpha_star": 0.6802160808763138,
  "graphon_eval": {
    "mean_power_W": {
      "mean": 11576.371765408712,
      "lo": 11545.693777434984,
      "hi": 11615.456397018354
    },
    "mean_queue_pdu": {
      "mean": 37.1810162639281,
      "lo": 35.607174858958665,
      "hi": 38.22216165956555
    },
    "p95_queue_pdu": {
      "mean": 119.40879014532784,
      "lo": 98.29285785646842,
      "hi": 133.41293070363238
    },
    "mean_alpha": {
      "mean": 0.7361402966002769,
      "lo": 0.7343323965240632,
      "hi": 0.7384540510814923
    },
    "toggles_per_min_per_cell": {
      "mean": 8.532,
      "lo": 7.804,
      "hi": 9.116
    },
    "queue_by_block": [
      13.091129401094758,
      16.75927503711351,
      80.38347882152758
    ],
    "awake_by_block": [
      0.5992553985048359,
      0.7403471366398756,
      0.8649160588309475
    ]
  },
  "scalar_eval": {
    "mean_power_W": {
      "mean": 12106.434577271988,
      "lo": 12088.367865950833,
      "hi": 12131.638591398221
    },
    "mean_queue_pdu": {
      "mean": 31.503809174408666,
      "lo": 30.391249279290893,
      "hi": 32.47037287582715
    },
    "p95_queue_pdu": {
      "mean": 113.8994876334817,
      "lo": 94.8107598912858,
      "hi": 125.63083215827652
    },
    "mean_alpha": {
      "mean": 0.7795906132741038,
      "lo": 0.7784982684256203,
      "hi": 0.780607146774816
    },
    "toggles_per_min_per_cell": {
      "mean": 1.248,
      "lo": 1.142,
      "hi": 1.338
    },
    "queue_by_block": [
      9.34395255274351,
      15.1316935180488,
      68.90248815013884
    ],
    "awake_by_block": [
      0.7549177457672241,
      0.7672053948470883,
      0.8155587555040611
    ]
  },
  "wall_clock_s": 23.767362117767334
}