{
  "fidelity": {
    "scalar_pred_uniform": 0.6802160808763138,
    "graphon_pred_profile": [
      0.5667451483515383,
      0.64297785650051,
      0.8027314496266089
    ],
    "deployed_awake_by_block": [
      0.6615627015653301,
      0.7421330975102239,
      0.8843992610586096
    ],
    "scalar_pred_err": 0.09491785870906318,
    "graphon_pred_err": 0.09188020188516881,
    "queue_disparity_ratio": 2.4701210998280088
  },
  "layout": "shanghai",
  "N": 100,
  "B": 3,
  "n_seeds": 5,
  "radius_km": 0.15,
  "block_sizes": [
    33,
    33,
    34
  ],
  "block_lambda0": [
    11.811613925236845,
    13.830059436986527,
    19.230140560194968
  ],
  "graphon_W": [
    [
      0.3298969072164949,
      0.3402061855670104,
      0.3298969072164949
    ],
    [
      0.3402061855670104,
      0.3298969072164949,
      0.3298969072164949
    ],
    [
      0.320194057004245,
      0.320194057004245,
      0.35961188599151006
    ]
  ],
  "alpha_blocks_star": [
    0.5667451483515383,
    0.64297785650051,
    0.8027314496266089
  ],
  "scalar_alpha_star": 0.6802160808763138,
  "graphon_eval": {
    "mean_power_W": {
      "mean": 11933.266267445295,
      "lo": 11912.376039206885,
      "hi": 11950.837319180375
    },
    "mean_queue_pdu": {
      "mean": 23.79069882057744,
      "lo": 23.142763877527944,
      "hi": 24.400729189069903
    },
    "p95_queue_pdu": {
      "mean": 76.74112725057905,
      "lo": 68.51024771110494,
      "hi": 83.98980695779291
    },
    "mean_alpha": {
      "mean": 0.76391536245486,
      "lo": 0.7628047915413321,
      "hi": 0.7646817028311679
    },
    "toggles_per_min_per_cell": {
      "mean": 5.188000000000001,
      "lo": 4.827999999999999,
      "hi": 5.428
    },
    "queue_by_block": [
      15.368933554622453,
      17.610568329723158,
      37.9631270551276
    ],
    "awake_by_block": [
      0.6615627015653301,
      0.7421330975102239,
      0.8843992610586096
    ]
  },
  "scalar_eval": {
    "mean_power_W": {
      "mean": 12176.181105472679,
      "lo": 12166.770178834264,
      "hi": 12194.247957928834
    },
    "mean_queue_pdu": {
      "mean": 22.82275525787581,
      "lo": 22.036164010870458,
      "hi": 23.47544163599704
    },
    "p95_queue_pdu": {
      "mean": 76.91595615770238,
      "lo": 69.14540644539379,
      "hi": 84.00280780980464
    },
    "mean_alpha": {
      "mean": 0.7846970479133535,
      "lo": 0.7838598180260581,
      "hi": 0.7851099426431797
    },
    "toggles_per_min_per_cell": {
      "mean": 1.168,
      "lo": 1.086,
      "hi": 1.236
    },
    "queue_by_block": [
      12.571046843563684,
      16.300073230725964,
      39.10378127458889
    ],
    "awake_by_block": [
      0.7647895838836207,
      0.7743028221926761,
      0.8141075114946341
    ]
  },
  "wall_clock_s": 23.63171625137329
}