{
  "etas": [
    1.2,
    2.0,
    3.0,
    4.5,
    6.0,
    8.0
  ],
  "poa": [
    1.0491708457197442,
    1.0519117574628045,
    1.0792565074511171,
    1.2464223142462088,
    3.7452936162215633,
    7.4804927797117315
  ],
  "alpha_mfe": [
    0.7820858504333047,
    0.8630769893443877,
    0.8977801025381755,
    0.8350235658711926,
    0.6708690748542627,
    0.5261207247739913
  ],
  "alpha_mfc": [
    0.9270847642663993,
    0.995785141499564,
    0.995785141499564,
    0.995785141499564,
    0.995785141499564,
    0.995785141499564
  ],
  "J_mfe": [
    98.13736842205455,
    117.68538940127416,
    166.94263311625886,
    308.831778341289,
    1247.0694751042147,
    3129.031660237665
  ],
  "J_mfc": [
    93.53802464338504,
    111.87762525359501,
    154.682998864216,
    247.77459037072785,
    332.9697489411577,
    418.292183734752
  ],
  "layout": "shanghai",
  "N": 100,
  "n_seeds": 4,
  "wall_clock_s": 39.987571716308594
}