{
  "etas": [
    1.2,
    2.0,
    3.0,
    4.5,
    6.0,
    8.0
  ],
  "poa": [
    1.018588463864459,
    1.0368443960039044,
    1.0661526408680961,
    1.492698709851382,
    4.230571152148814,
    8.267541877174073
  ],
  "alpha_mfe": [
    0.7775764398985934,
    0.8516786039434406,
    0.8809100565591079,
    0.7757575402384318,
    0.6604592518383641,
    0.5399142214508394
  ],
  "alpha_mfc": [
    0.9805044975687941,
    0.995785141499564,
    0.995785141499564,
    0.995785141499564,
    0.995785141499564,
    0.995785141499564
  ],
  "J_mfe": [
    96.76587111290758,
    119.50808764945886,
    177.99150793301064,
    385.9788191402797,
    1401.2032108566677,
    3346.7688587734733
  ],
  "J_mfc": [
    94.99996764717334,
    115.2613527256879,
    166.9474905470235,
    258.577847353207,
    331.20899293821384,
    404.8082136739574
  ],
  "layout": "milan",
  "N": 100,
  "n_seeds": 4,
  "wall_clock_s": 40.12051248550415
}