{
  "N": 100,
  "layout": "milan",
  "n_seeds": 5,
  "q_safe": 40.0,
  "MFAC": {
    "P_kW": 8.132494473199777,
    "P_cell_W": 81.32494473199776,
    "Qbar": 436.23871172042675,
    "p95_Q": 1656.0380305827523,
    "alpha": 0.44897330587094997,
    "toggles": 0.56,
    "J": 913.1398958068523
  },
  "MFAC-SAFE": {
    "P_kW": 11.952308747012463,
    "P_cell_W": 119.52308747012462,
    "Qbar": 28.650934628614085,
    "p95_Q": 66.50570701762018,
    "alpha": 0.7331844065373554,
    "toggles": 11.790000000000003,
    "J": 117.06341299229048
  },
  "wall_clock_s": 52.97405123710632
}